Title,Genre,Description,Director,Actors,Year,Runtime (Minutes),Rating,Votes,Revenue (Millions),Metascore
Passengers,Romance,"A spacecraft traveling to a distant colony planet and transporting thousands of people has a malfunction in its sleep chambers. As a result, two passengers are awakened 90 years early.",Morten Tyldum,"Jennifer Lawrence, Chris Pratt, Michael Sheen,Laurence Fishburne",2016,116,7,192177,100.01,41
Me Before You,Romance,A girl in a small town forms an unlikely bond with a recently-paralyzed man she's taking care of.,Thea Sharrock,"Emilia Clarke, Sam Claflin, Janet McTeer, Charles Dance",2016,106,7.4,113322,56.23,51
Their Finest,Romance,"A former secretary, newly appointed as a scriptwriter for propaganda films, joins the cast and crew of a major production while the Blitz rages around them.",Lone Scherfig,"Gemma Arterton, Sam Claflin, Bill Nighy, Jack Huston",2016,117,7,3739,3.18,76
Fifty Shades of Grey,Romance,"Literature student Anastasia Steele's life changes forever when she meets handsome, yet tormented, billionaire Christian Grey.",Sam Taylor-Johnson,"Dakota Johnson, Jamie Dornan, Jennifer Ehle,Eloise Mumford",2015,125,4.1,244474,166.15,46
Collateral Beauty,Romance,"Retreating from life after a tragedy, a man questions the universe by writing to Love, Time and Death. Receiving unexpected answers, he begins to see how these things interlock and how even loss can reveal moments of meaning and beauty.",David Frankel,"Will Smith, Edward Norton, Kate Winslet, Michael PeÃ_Ã«ÂŒÂ±a",2016,97,6.8,43977,30.98,23
Mike and Dave Need Wedding Dates,Romance,"Two hard-partying brothers place an online ad to find the perfect dates for their sister's Hawaiian wedding. Hoping for a wild getaway, the boys instead find themselves out-hustled by an uncontrollable duo.",Jake Szymanski,"Zac Efron, Adam Devine, Anna Kendrick, Aubrey Plaza",2016,98,6,53183,46.01,51
The Great Gatsby,Romance,"A writer and wall street trader, Nick, finds himself drawn to the past and lifestyle of his millionaire neighbor, Jay Gatsby.",Baz Luhrmann,"Leonardo DiCaprio, Carey Mulligan, Joel Edgerton,Tobey Maguire",2013,143,7.3,386102,144.81,55
Ah-ga-ssi,Romance,"A woman is hired as a handmaiden to a Japanese heiress, but secretly she is involved in a plot to defraud her.",Chan-wook Park,"Min-hee Kim, Jung-woo Ha, Jin-woong Jo, So-ri Moon",2016,144,8.1,33418,2.01,84
"Crazy, Stupid, Love.",Romance,"A middle-aged husband's life changes dramatically when his wife asks him for a divorce. He seeks to rediscover his manhood with the help of a newfound friend, Jacob, learning to pick up girls at bars.",Glenn Ficarra,"Steve Carell, Ryan Gosling, Julianne Moore, Emma Stone",2011,118,7.4,396714,84.24,68
Twilight,Romance,A teenage girl risks everything when she falls in love with a vampire.,Catherine Hardwicke,"Kristen Stewart, Robert Pattinson, Billy Burke,Sarah Clarke",2008,122,5.2,361449,191.45,56
Her,Romance,A lonely writer develops an unlikely relationship with an operating system designed to meet his every need.,Spike Jonze,"Joaquin Phoenix, Amy Adams, Scarlett Johansson,Rooney Mara",2013,126,8,390531,25.56,90
Bridget Jones's Baby,Romance,"Bridget's focus on single life and her career is interrupted when she finds herself pregnant, but with one hitch ... she can only be fifty percent sure of the identity of her baby's father.",Sharon Maguire,"RenÃ_Ã«ÂŒÂ©e Zellweger, Gemma Jones, Jim Broadbent,Sally Phillips",2016,118,6.7,43086,24.09,59
Trainwreck,Romance,"Having thought that monogamy was never possible, a commitment-phobic career woman may have to face her fears when she meets a good guy.",Judd Apatow,"Amy Schumer, Bill Hader, Brie Larson, Colin Quinn",2015,125,6.3,106364,110.01,75
The Light Between Oceans,Romance,A lighthouse keeper and his wife living off the coast of Western Australia raise a baby they rescue from a drifting rowing boat.,Derek Cianfrance,"Michael Fassbender, Alicia Vikander, Rachel Weisz, Florence Clery",2016,133,7.2,27382,12.53,60
Paterson,Romance,"A quiet observation of the triumphs and defeats of daily life, along with the poetry evident in its smallest details.",Jim Jarmusch,"Adam Driver, Golshifteh Farahani, Nellie, Rizwan Manji",2016,118,7.5,26089,2.14,90
Bridesmaids,Romance,"Competition between the maid of honor and a bridesmaid, over who is the bride's best friend, threatens to upend the life of an out-of-work pastry chef.",Paul Feig,"Kristen Wiig, Maya Rudolph, Rose Byrne, Terry Crews",2011,125,6.8,227912,169.08,75
The Lobster,Romance,"In a dystopian near future, single people, according to the laws of The City, are taken to The Hotel, where they are obliged to find a romantic partner in forty-five days or are transformed into beasts and sent off into The Woods.",Yorgos Lanthimos,"Colin Farrell, Rachel Weisz, Jessica Barden,Olivia Colman",2015,119,7.1,121313,8.7,82
The Perks of Being a Wallflower,Romance,An introvert freshman is taken under the wings of two seniors who welcome him to the real world.,Stephen Chbosky,"Logan Lerman, Emma Watson, Ezra Miller, Paul Rudd",2012,102,8,377336,17.74,67
Les MisÃ_Ã«ÂŒÂ©rables,Romance,"In 19th-century France, Jean Valjean, who for decades has been hunted by the ruthless policeman Javert after breaking parole, agrees to care for a factory worker's daughter. The decision changes their lives forever.",Tom Hooper,"Hugh Jackman, Russell Crowe, Anne Hathaway,Amanda Seyfried",2012,158,7.6,257426,148.78,63
Bonjour Anne,Romance,"Anne is at a crossroads in her life. Long married to a successful, driven but inattentive movie producer, she unexpectedly finds herself taking a car trip from Cannes to Paris with a ... See full summary Ã_Â«Ã_Â_",Eleanor Coppola,"Diane Lane, Alec Baldwin, Arnaud Viard, Linda Gegusch",2016,92,4.9,178,0.32,50
Birdman or (The Unexpected Virtue of Ignorance),Romance,"Illustrated upon the progress of his latest Broadway play, a former popular actor's struggle to cope with his current life as a wasted actor is shown.",Alejandro GonzÃ_Ã«Ã_ÂÅlez IÃ_Ã«ÂŒÂ±Ã_Ã«Ã_ÂÅrritu,"Michael Keaton, Zach Galifianakis,Edward Norton, Andrea Riseborough",2014,119,7.8,440299,42.34,88
The Danish Girl,Romance,A fictitious love story loosely inspired by the lives of Danish artists Lili Elbe and Gerda Wegener. Lili and Gerda's marriage and work evolve as they navigate Lili's groundbreaking journey as a transgender pioneer.,Tom Hooper,"Eddie Redmayne, Alicia Vikander, Amber Heard, Ben Whishaw",2015,119,7,110773,12.71,66
Pitch Perfect,Romance,"Beca, a freshman at Barden University, is cajoled into joining The Bellas, her school's all-girls singing group. Injecting some much needed energy into their repertoire, The Bellas take on their male rivals in a campus competition.",Jason Moore,"Anna Kendrick, Brittany Snow, Rebel Wilson, Anna Camp",2012,112,7.2,226631,65,66
The Choice,Romance,Travis and Gabby first meet as neighbors in a small coastal town and wind up in a relationship that is tested by life's most defining events.,Ross Katz,"Benjamin Walker, Teresa Palmer, Alexandra Daddario,Maggie Grace",2016,111,6.6,20514,18.71,26
The House Bunny,Romance,"After Playboy bunny Shelley is kicked out of the playboy mansion, she finds a job as the house mother for a sorority full of socially awkward girls.",Fred Wolf,"Anna Faris, Colin Hanks, Emma Stone, Kat Dennings",2008,97,5.5,67033,48.24,55
She's Out of My League,Romance,"An average Joe meets the perfect woman, but his lack of confidence and the influence of his friends and family begin to pick away at the relationship.",Jim Field Smith,"Jay Baruchel, Alice Eve, T.J. Miller, Mike Vogel",2010,104,6.4,105619,31.58,46
How to Be Single,Romance,A group of young adults navigate love and relationships in New York City.,Christian Ditter,"Dakota Johnson, Rebel Wilson, Leslie Mann, Alison Brie",2016,110,6.1,59886,46.81,51
La vie d'AdÃ_Ã«ÂŒÃ¥le,Romance,"AdÃ_Ã«ÂŒÃ¥le's life is changed when she meets Emma, a young woman with blue hair, who will allow her to discover desire and to assert herself as a woman and as an adult. In front of others, AdÃ_Ã«ÂŒÃ¥le grows, seeks herself, loses herself, and ultimately finds herself through love and loss.",Abdellatif Kechiche,"LÃ_Ã«ÂŒÂ©a Seydoux, AdÃ_Ã«ÂŒÃ¥le Exarchopoulos, Salim Kechiouche, AurÃ_Ã«ÂŒÂ©lien Recoing",2013,180,7.8,103150,2.2,88
Silver Linings Playbook,Romance,"After a stint in a mental institution, former teacher Pat Solitano moves back in with his parents and tries to reconcile with his ex-wife. Things get more challenging when Pat meets Tiffany, a mysterious girl with problems of her own.",David O. Russell,"Bradley Cooper, Jennifer Lawrence, Robert De Niro, Jacki Weaver",2012,122,7.8,564364,132.09,81
The Fault in Our Stars,Romance,Two teenage cancer patients begin a life-affirming journey to visit a reclusive author in Amsterdam.,Josh Boone,"Shailene Woodley, Ansel Elgort, Nat Wolff, Laura Dern",2014,126,7.8,271301,124.87,69
Blended,Romance,"After a bad blind date, a man and woman find themselves stuck together at a resort for families, where their attraction grows as their respective kids benefit from the burgeoning relationship.",Frank Coraci,"Adam Sandler, Drew Barrymore, Wendi McLendon-Covey, Kevin Nealon",2014,117,6.5,93764,46.28,31
Midnight in Paris,Romance,"While on a trip to Paris with his fiancÃ_Ã«ÂŒÂ©e's family, a nostalgic screenwriter finds himself mysteriously going back to the 1920s everyday at midnight.",Woody Allen,"Owen Wilson, Rachel McAdams, Kathy Bates, Kurt Fuller",2011,94,7.7,320323,56.82,81
CafÃ_Ã«ÂŒÂ© Society,Romance,"In the 1930s, a Bronx native moves to Hollywood and falls in love with a young woman who is seeing a married man.",Woody Allen,"Jesse Eisenberg, Kristen Stewart, Steve Carell, Blake Lively",2016,96,6.7,45579,11.08,64
The Theory of Everything,Romance,A look at the relationship between the famous physicist Stephen Hawking and his wife.,James Marsh,"Eddie Redmayne, Felicity Jones, Tom Prior, Sophie Perry",2014,123,7.7,299718,35.89,72
The Age of Adaline,Romance,"A young woman, born at the turn of the 20th century, is rendered ageless after an accident. After many solitary years, she meets a man who complicates the eternal life she has settled into.",Lee Toland Krieger,"Blake Lively, Michiel Huisman, Harrison Ford,Kathy Baker",2015,112,7.2,112288,42.48,51
The Best of Me,Romance,A pair of former high school sweethearts reunite after many years when they return to visit their small hometown.,Michael Hoffman,"James Marsden, Michelle Monaghan, Luke Bracey,Liana Liberato",2014,118,6.7,49041,26.76,29
The Curious Case of Benjamin Button,Romance,"Tells the story of Benjamin Button, a man who starts aging backwards with bizarre consequences.",David Fincher,"Brad Pitt, Cate Blanchett, Tilda Swinton, Julia Ormond",2008,166,7.8,485075,127.49,70
The Longest Ride,Romance,"The lives of a young couple intertwine with a much older man, as he reflects back on a past love.",George Tillman Jr.,"Scott Eastwood, Britt Robertson, Alan Alda, Jack Huston",2015,123,7.1,58421,37.43,33
Brooklyn,Romance,"An Irish immigrant lands in 1950s Brooklyn, where she quickly falls into a romance with a local. When her past catches up with her, however, she must choose between two countries and the lives that exist within.",John Crowley,"Saoirse Ronan, Emory Cohen, Domhnall Gleeson,Jim Broadbent",2015,117,7.5,94977,38.32,87
Blue Valentine,Romance,"The relationship of a contemporary married couple, charting their evolution over a span of years by cross-cutting between time periods.",Derek Cianfrance,"Ryan Gosling, Michelle Williams, John Doman,Faith Wladyka",2010,112,7.4,151409,9.7,81
The Proposal,Romance,A pushy boss forces her young assistant to marry her in order to keep her visa status in the U.S. and avoid deportation to Canada.,Anne Fletcher,"Sandra Bullock, Ryan Reynolds, Mary Steenburgen,Craig T. Nelson",2009,108,6.7,241709,163.95,48
Just Go with It,Romance,"On a weekend trip to Hawaii, a plastic surgeon convinces his loyal assistant to pose as his soon-to-be-divorced wife in order to cover up a careless lie he told to his much-younger girlfriend.",Dennis Dugan,"Adam Sandler, Jennifer Aniston, Brooklyn Decker,Nicole Kidman",2011,117,6.4,182069,103.03,33
Revolutionary Road,Romance,A young couple living in a Connecticut suburb during the mid-1950s struggle to come to terms with their personal problems while trying to raise their two children.,Sam Mendes,"Leonardo DiCaprio, Kate Winslet, Christopher Fitzgerald, Jonathan Roumie",2008,119,7.3,159736,22.88,69
Forgetting Sarah Marshall,Romance,"Devastated Peter takes a Hawaiian vacation in order to deal with the recent break-up with his TV star girlfriend, Sarah. Little does he know, Sarah's traveling to the same resort as her ex - and she's bringing along her new boyfriend.",Nicholas Stoller,"Kristen Bell, Jason Segel, Paul Rudd, Mila Kunis",2008,111,7.2,226619,62.88,67
The Giver,Romance,"In a seemingly perfect community, without war, pain, suffering, differences or choice, a young boy is chosen to learn from an elderly man about the true pain and pleasure of the ""real"" world.",Phillip Noyce,"Brenton Thwaites, Jeff Bridges, Meryl Streep, Taylor Swift",2014,97,6.5,93799,45.09,47
Safe Haven,Romance,"A young woman with a mysterious past lands in Southport, North Carolina where her bond with a widower forces her to confront the dark secret that haunts her.",Lasse HallstrÃ_Ã«ÂŒ_m,"Julianne Hough, Josh Duhamel, Cobie Smulders,David Lyons",2013,115,6.7,84765,71.35,34
Carol,Romance,An aspiring photographer develops an intimate relationship with an older woman in 1950s New York.,Todd Haynes,"Cate Blanchett, Rooney Mara, Sarah Paulson, Kyle Chandler",2015,118,7.2,77995,0.25,95
(500) Days of Summer,Romance,"An offbeat romantic comedy about a woman who doesn't believe true love exists, and the young man who falls for her.",Marc Webb,"Zooey Deschanel, Joseph Gordon-Levitt, Geoffrey Arend, ChloÃ_Ã«Ã_Âˆ Grace Moretz",2009,95,7.7,398972,32.39,76
Movie 43,Romance,A series of interconnected short films follows a washed-up producer as he pitches insane story lines featuring some of the biggest stars in Hollywood.,Elizabeth Banks,"Emma Stone, Stephen Merchant, Richard Gere, Liev Schreiber",2013,94,4.3,83625,8.83,18
Easy A,Romance,A clean-cut high school student relies on the school's rumor mill to advance her social and financial standing.,Will Gluck,"Emma Stone, Amanda Bynes, Penn Badgley, Dan Byrd",2010,92,7.1,294950,58.4,72
Half of a Yellow Sun,Romance,"Sisters Olanna and Kainene return home to 1960s Nigeria, where they soon diverge on different paths. As civil war breaks out, political events loom larger than their differences as they join the fight to establish an independent republic.",Biyi Bandele,"Chiwetel Ejiofor, Thandie Newton, Anika Noni Rose,Joseph Mawle",2013,111,6.2,1356,0.05,51
A Good Year,Romance,"A British investment broker inherits his uncle's chateau and vineyard in Provence, where he spent much of his childhood. He discovers a new laid-back lifestyle as he tries to renovate the estate to be sold.",Ridley Scott,"Russell Crowe, Abbie Cornish, Albert Finney, Marion Cotillard",2006,117,6.9,74674,7.46,47
The Break-Up,Romance,"In a bid to keep their luxurious condo from their significant other, a couple's break-up proceeds to get uglier and nastier by the moment.",Peyton Reed,"Jennifer Aniston, Vince Vaughn, Jon Favreau, Joey Lauren Adams",2006,106,5.8,106381,118.68,45
Loving,Romance,"The story of Richard and Mildred Loving, a couple whose arrest for interracial marriage in 1960s Virginia began a legal battle that would end with the Supreme Court's historic 1967 decision.",Jeff Nichols,"Ruth Negga, Joel Edgerton, Will Dalton, Dean Mumford",2016,123,7.1,17141,7.7,79
The Other Woman,Romance,"After discovering her boyfriend is married, Carly soon meets the wife he's been betraying. And when yet another love affair is discovered, all three women team up to plot revenge on the three-timing S.O.B.",Nick Cassavetes,"Cameron Diaz, Leslie Mann, Kate Upton, Nikolaj Coster-Waldau",2014,109,6,110825,83.91,39
Sex Tape,Romance,"A married couple wake up to discover that the sex tape they made the evening before has gone missing, leading to a frantic search for its whereabouts.",Jake Kasdan,"Jason Segel, Cameron Diaz, Rob Corddry, Ellie Kemper",2014,94,5.1,89885,38.54,36
What to Expect When You're Expecting,Romance,"Follows the lives of five interconnected couples as they experience the thrills and surprises of having a baby, and realize that no matter what you plan for, life does not always deliver what is expected.",Kirk Jones,"Cameron Diaz, Matthew Morrison, J. Todd Smith, Dennis Quaid",2012,110,5.7,60059,41.1,41
Adoration,Romance,A pair of childhood friends and neighbors fall for each other's sons.,Anne Fontaine,"Naomi Watts, Robin Wright, Xavier Samuel, James Frecheville",2013,112,6.2,25208,0.32,37
She's the Man,Romance,"When her brother decides to ditch for a couple weeks, Viola heads over to his elite boarding school, disguised as him, and proceeds to fall for one of his soccer teammates, and soon learns she's not the only one with romantic troubles.",Andy Fickman,"Amanda Bynes, Laura Ramsey, Channing Tatum,Vinnie Jones",2006,105,6.4,122864,2.34,45
Beautiful Creatures,Romance,"Ethan longs to escape his small Southern town. He meets a mysterious new girl, Lena. Together, they uncover dark secrets about their respective families, their history and their town.",Richard LaGravenese,"Alice Englert, Viola Davis, Emma Thompson,Alden Ehrenreich",2013,124,6.2,71822,19.45,52
Don Jon,Romance,"A New Jersey guy dedicated to his family, friends, and church, develops unrealistic expectations from watching porn and works to find happiness and intimacy with his potential true love.",Joseph Gordon-Levitt,"Joseph Gordon-Levitt, Scarlett Johansson,Julianne Moore, Tony Danza",2013,90,6.6,199973,24.48,66
Love & Other Drugs,Romance,A young woman suffering from Parkinson's befriends a drug rep working for Pfizer in 1990s Pittsburgh.,Edward Zwick,"Jake Gyllenhaal, Anne Hathaway, Judy Greer, Oliver Platt",2010,112,6.7,151519,32.36,55
Knocked Up,Romance,"For fun-loving party animal Ben Stone, the last thing he ever expected was for his one-night stand to show up on his doorstep eight weeks later to tell him she's pregnant with his child.",Judd Apatow,"Seth Rogen, Katherine Heigl, Paul Rudd, Leslie Mann",2007,129,7,309398,148.73,85
Source Code,Romance,A soldier wakes up in someone else's body and discovers he's part of an experimental government program to find the bomber of a commuter train. A mission he has only 8 minutes to complete.,Duncan Jones,"Jake Gyllenhaal, Michelle Monaghan, Vera Farmiga,Jeffrey Wright",2011,93,7.5,404884,54.7,74
The First Time,Romance,A shy senior and a down-to-earth junior fall in love over one weekend.,Jon Kasdan,"Dylan O'Brien, Britt Robertson, Victoria Justice, James Frecheville",2012,95,6.9,54027,0.02,55
Anna Karenina,Romance,"In late-19th-century Russian high society, St. Petersburg aristocrat Anna Karenina enters into a life-changing affair with the dashing Count Alexei Vronsky.",Joe Wright,"Keira Knightley, Jude Law, Aaron Taylor-Johnson,Matthew Macfadyen",2012,129,6.6,75291,12.8,63
Ted 2,Romance,"Newlywed couple Ted and Tami-Lynn want to have a baby, but in order to qualify to be a parent, Ted will have to prove he's a person in a court of law.",Seth MacFarlane,"Mark Wahlberg, Seth MacFarlane, Amanda Seyfried, Jessica Barth",2015,115,6.3,136323,81.26,48
"Love, Rosie",Romance,"Rosie and Alex have been best friends since they were 5, so they couldn't possibly be right for one another...or could they? When it comes to love, life and making the right choices, these two are their own worst enemies.",Christian Ditter,"Lily Collins, Sam Claflin, Christian Cooke, Jaime Winstone",2014,102,7.2,80415,0.01,44
Love & Friendship,Romance,"Lady Susan Vernon takes up temporary residence at her in-laws' estate and, while there, is determined to be a matchmaker for her daughter Frederica -- and herself too, naturally.",Whit Stillman,"Kate Beckinsale, ChloÃ_Ã«Ã_Âˆ Sevigny, Xavier Samuel,Emma Greenwell",2016,90,6.5,16164,14.01,87
Seven Pounds,Romance,A man with a fateful secret embarks on an extraordinary journey of redemption by forever changing the lives of seven strangers.,Gabriele Muccino,"Will Smith, Rosario Dawson, Woody Harrelson,Michael Ealy",2008,123,7.7,245144,69.95,36
Dear Zindagi,Romance,"Kaira is a budding cinematographer in search of a perfect life. Her encounter with Jug, an unconventional thinker, helps her gain a new perspective on life. She discovers that happiness is all about finding comfort in life's imperfections.",Gauri Shinde,"Alia Bhatt, Shah Rukh Khan, Kunal Kapoor, Priyanka Moodley",2016,151,7.8,23540,1.4,56
I Origins,Romance,A molecular biologist and his laboratory partner uncover evidence that may fundamentally change society as we know it.,Mike Cahill,"Michael Pitt, Steven Yeun, Astrid BergÃ_Ã«ÂŒÃ¥s-Frisbey, Brit Marling",2014,106,7.3,86271,0.33,57
Australia,Romance,"Set in northern Australia before World War II, an English aristocrat who inherits a sprawling ranch reluctantly pacts with a stock-man in order to protect her new property from a takeover plot. As the pair drive 2,000 head of cattle over unforgiving landscape, they experience the bombing of Darwin, Australia, by Japanese forces firsthand.",Baz Luhrmann,"Nicole Kidman, Hugh Jackman, Shea Adams, Eddie Baroo",2008,165,6.6,106115,49.55,53
The Hollars,Romance,A man returns to his small hometown after learning that his mother has fallen ill and is about to undergo surgery.,John Krasinski,"Sharlto Copley, Charlie Day, Richard Jenkins, Anna Kendrick",2016,88,6.5,5908,1.02,53
The Heartbreak Kid,Romance,A newly wed man who believes he's just gotten hitched to the perfect woman encounters another lady on his honeymoon.,Bobby Farrelly,"Ben Stiller, Michelle Monaghan,Malin Akerman, Jerry Stiller",2007,116,5.8,74664,36.77,46
Friends with Benefits,Romance,"A young man and woman decide to take their friendship to the next level without becoming a couple, but soon discover that adding sex only leads to complications.",Will Gluck,"Mila Kunis, Justin Timberlake, Patricia Clarkson, Jenna Elfman",2011,109,6.6,286543,55.8,63
The Illusionist,Romance,"In turn-of-the-century Vienna, a magician uses his abilities to secure the love of a woman far above his social standing.",Neil Burger,"Edward Norton, Jessica Biel, Paul Giamatti, Rufus Sewell",2006,110,7.6,309934,39.83,68
Knight of Cups,Romance,A writer indulging in all that Los Angeles and Las Vegas has to offer undertakes a search for love and self via a series of adventures with six different women.,Terrence Malick,"Christian Bale, Cate Blanchett, Natalie Portman,Brian Dennehy",2015,118,5.7,17439,0.56,53
El secreto de sus ojos,Romance,A retired legal counselor writes a novel hoping to find closure for one of his past unresolved homicide cases and for his unreciprocated love with his superior - both of which still haunt him decades later.,Juan JosÃ_Ã«ÂŒÂ© Campanella,"Ricardo DarÃ_Ã«_n, Soledad Villamil, Pablo Rago,Carla Quevedo",2009,129,8.2,144524,20.17,80
We Are Your Friends,Romance,"Caught between a forbidden romance and the expectations of his friends, aspiring DJ Cole Carter attempts to find the path in life that leads to fame and fortune.",Max Joseph,"Zac Efron, Wes Bentley, Emily Ratajkowski, Jonny Weston",2015,96,6.2,25903,3.59,46
A Million Ways to Die in the West,Romance,"As a cowardly farmer begins to fall for the mysterious new woman in town, he must put his new-found courage to the test when her husband, a notorious gun-slinger, announces his arrival.",Seth MacFarlane,"Seth MacFarlane, Charlize Theron, Liam Neeson,Amanda Seyfried",2014,116,6.1,144779,42.62,44
PK,Romance,"A stranger in the city asks questions no one has asked before. His childlike curiosity will take him on a journey of love, laughter, and letting go.",Rajkumar Hirani,"Aamir Khan, Anushka Sharma, Sanjay Dutt,Boman Irani",2014,153,8.2,103279,10.57,51
Paper Towns,Romance,"After an all night adventure, Quentin's life-long crush, Margo, disappears, leaving behind clues that Quentin and his friends follow on the journey of a lifetime.",Jake Schreier,"Nat Wolff, Cara Delevingne, Austin Abrams, Justice Smith",2015,109,6.3,72515,31.99,56
Before We Go,Romance,Two strangers stuck in Manhattan for the night grow into each other's most trusted confidants when an evening of unexpected adventure forces them to confront their fears and take control of their lives.,Chris Evans,"Chris Evans, Alice Eve, Emma Fitzpatrick, John Cullum",2014,95,6.9,31370,0.04,31
Zack and Miri Make a Porno,Romance,"Lifelong platonic friends Zack and Miri look to solve their respective cash-flow problems by making an adult film together. As the cameras roll, however, the duo begin to sense that they may have more feelings for each other than they previously thought.",Kevin Smith,"Seth Rogen, Elizabeth Banks, Craig Robinson, Gerry Bednob",2008,101,6.6,154936,31.45,56
No Strings Attached,Romance,"A guy and girl try to keep their relationship strictly physical, but it's not long before they learn that they want something more.",Ivan Reitman,"Natalie Portman, Ashton Kutcher, Kevin Kline, Cary Elwes",2011,108,6.2,178243,70.63,50
The Spectacular Now,Romance,"A hard-partying high school senior's philosophy on life changes when he meets the not-so-typical ""nice girl.""",James Ponsoldt,"Miles Teller, Shailene Woodley, Kyle Chandler,Jennifer Jason Leigh",2013,95,7.1,115751,6.85,82
A United Kingdom,Romance,"The story of King Seretse Khama of Botswana and how his loving but controversial marriage to a British white woman, Ruth Williams, put his kingdom into political and diplomatic turmoil.",Amma Asante,"David Oyelowo, Rosamund Pike, Tom Felton, Jack Davenport",2016,111,6.8,4771,3.9,65
To Rome with Love,Romance,"The lives of some visitors and residents of Rome and the romances, adventures and predicaments they get into.",Woody Allen,"Woody Allen, PenÃ_Ã«ÂŒÂ©lope Cruz, Jesse Eisenberg, Ellen Page",2012,112,6.3,72050,16.68,54
Jane Eyre,Romance,A mousy governess who softens the heart of her employer soon discovers that he's hiding a terrible secret.,Cary Joji Fukunaga,"Mia Wasikowska, Michael Fassbender, Jamie Bell, Su Elliot",2011,120,7.4,67464,11.23,76
The Loft,Romance,"Five married guys conspire to secretly share a penthouse loft in the city--a place where they can carry out hidden affairs and indulge in their deepest fantasies. But the fantasy becomes a nightmare when they discover the dead body of an unknown woman in the loft, and they realize one of the group must be involved.",Erik Van Looy,"Karl Urban, James Marsden, Wentworth Miller, Eric Stonestreet",2014,108,6.3,38804,5.98,24
Vicky Cristina Barcelona,Romance,"Two girlfriends on a summer holiday in Spain become enamored with the same painter, unaware that his ex-wife, with whom he has a tempestuous relationship, is about to re-enter the picture.",Woody Allen,"Rebecca Hall, Scarlett Johansson, Javier Bardem,Christopher Evan Welch",2008,96,7.1,208770,23.21,70
Remember Me,Romance,"A romantic drama centered on two new lovers: Tyler, whose parents have split in the wake of his brother's suicide, and Ally, who lives each day to the fullest since witnessing her mother's murder.",Allen Coulter,"Robert Pattinson, Emilie de Ravin, Caitlyn Rund,MoisÃ_Ã«ÂŒÂ©s Acevedo",2010,113,7.2,119376,19.06,40
Indignation,Romance,"In 1951, Marcus, a working-class Jewish student from New Jersey, attends a small Ohio college, where he struggles with sexual repression and cultural disaffection, amid the ongoing Korean War.",James Schamus,"Logan Lerman, Sarah Gadon, Tijuana Ricks, Sue Dahlman",2016,110,6.9,7402,3.4,78
One Day,Romance,"After spending the night together on the night of their college graduation Dexter and Em are shown each year on the same date to see where they are in their lives. They are sometimes together, sometimes not, on that day.",Lone Scherfig,"Anne Hathaway, Jim Sturgess, Patricia Clarkson,Tom Mison",2011,107,7,113599,13.77,48
Life as We Know It,Romance,Two single adults become caregivers to an orphaned girl when their mutual best friends die in an accident.,Greg Berlanti,"Katherine Heigl, Josh Duhamel, Josh Lucas, Alexis Clagett",2010,114,6.6,101301,53.36,39
Warm Bodies,Romance,"After a highly unusual zombie saves a still-living girl from an attack, the two form a relationship that sets in motion events that might transform the entire lifeless world.",Jonathan Levine,"Nicholas Hoult, Teresa Palmer, John Malkovich,Analeigh Tipton",2013,98,6.9,193579,66.36,59
Transcendence,Romance,"A scientist's drive for artificial intelligence, takes on dangerous implications when his consciousness is uploaded into one such program.",Wally Pfister,"Johnny Depp, Rebecca Hall, Morgan Freeman, Cillian Murphy",2014,119,6.3,184564,23.01,42
Equals,Romance,"In an emotionless utopia, two people fall in love when they regain their feelings from a mysterious disease, causing tensions between them and their society.",Drake Doremus,"Nicholas Hoult, Kristen Stewart, Vernetta Lopez,Scott Lawrence",2015,101,6.1,16361,0.03,43
The Lucky One,Romance,A Marine travels to Louisiana after serving three tours in Iraq and searches for the unknown woman he believes was his good luck charm during the war.,Scott Hicks,"Zac Efron, Taylor Schilling, Blythe Danner, Riley Thomas Stewart",2012,101,6.5,82874,60.44,39
50/50,Romance,"Inspired by a true story, a comedy centered on a 27-year-old guy who learns of his cancer diagnosis, and his subsequent struggle to beat the disease.",Jonathan Levine,"Joseph Gordon-Levitt, Seth Rogen, Anna Kendrick, Bryce Dallas Howard",2011,100,7.7,281625,34.96,72
Sex and the City,Romance,A New York writer on sex and love is finally getting married to her Mr. Big. But her three best girlfriends must console her after one of them inadvertently leads Mr. Big to jilt her.,Michael Patrick King,"Sarah Jessica Parker, Kim Cattrall, Cynthia Nixon, Kristin Davis",2008,145,5.5,102547,152.64,53
The Ugly Truth,Romance,A romantically challenged morning show producer is reluctantly embroiled in a series of outrageous tests by her chauvinistic correspondent to prove his theories on relationships and help ... See full summary Ã_Â«Ã_Â_,Robert Luketic,"Katherine Heigl, Gerard Butler, Bree Turner, Eric Winter",2009,96,6.5,172558,88.92,28
Bride Wars,Romance,Two best friends become rivals when they schedule their respective weddings on the same day.,Gary Winick,"Kate Hudson, Anne Hathaway, Candice Bergen, Bryan Greenberg",2009,89,5.5,83976,58.72,24
Sleeping with Other People,Romance,"A good-natured womanizer and a serial cheater form a platonic relationship that helps reform them in ways, while a mutual attraction sets in.",Leslye Headland,"Jason Sudeikis, Alison Brie, Jordan Carlos,Margarita Levieva",2015,101,6.5,27730,0.81,64
What If,Romance,"Wallace, who is burned out from a string of failed relationships, forms an instant bond with Chantry, who lives with her longtime boyfriend. Together, they puzzle out what it means if your best friend is also the love of your life.",Michael Dowse,"Daniel Radcliffe, Zoe Kazan, Megan Park, Adam Driver",2013,98,6.8,55243,3.45,59
"Hello, My Name Is Doris",Romance,A self-help seminar inspires a sixty-something woman to romantically pursue her younger co-worker.,Michael Showalter,"Sally Field, Max Greenfield, Tyne Daly, Wendi McLendon-Covey",2015,95,6.7,12361,14.44,63
What's Your Number?,Romance,A woman looks back at the past nineteen men she's had relationships with in her life and wonders if one of them might be her one true love.,Mark Mylod,"Anna Faris, Chris Evans, Ari Graynor, Blythe Danner",2011,106,6.1,62095,13.99,35
Sex and the City 2,Romance,"While wrestling with the pressures of life, love, and work in Manhattan, Carrie, Miranda, and Charlotte join Samantha for a trip to Abu Dhabi (United Arab Emirates), where Samantha's ex is filming a new movie.",Michael Patrick King,"Sarah Jessica Parker, Kim Cattrall, Kristin Davis, Cynthia Nixon",2010,146,4.3,62403,95.33,27
That Awkward Moment,Romance,"Three best friends find themselves where we've all been - at that confusing moment in every dating relationship when you have to decide ""So...where is this going?""",Tom Gormican,"Zac Efron, Michael B. Jordan, Miles Teller, Imogen Poots",2014,94,6.2,81823,26.05,36
My Big Fat Greek Wedding 2,Romance,A Portokalos family secret brings the beloved characters back together for an even bigger and Greeker wedding.,Kirk Jones,"Nia Vardalos, John Corbett, Michael Constantine, Lainie Kazan",2016,94,6,20966,59.57,37
Endless Love,Romance,The story of a privileged girl and a charismatic boy whose instant desire sparks a love affair made only more reckless by parents trying to keep them apart.,Shana Feste,"Gabriella Wilde, Alex Pettyfer, Bruce Greenwood,Robert Patrick",2014,104,6.3,33688,23.39,30
Step Up 2: The Streets,Romance,Romantic sparks occur between two dance students from different backgrounds at the Maryland School of the Arts.,Jon M. Chu,"Robert Hoffman, Briana Evigan, Cassie Ventura, Adam G. Sevani",2008,98,6.2,70699,58.01,50
Guardians of the Galaxy,Action,A group of intergalactic criminals are forced to work together to stop a fanatical warrior from taking control of the universe.,James Gunn,"Chris Pratt, Vin Diesel, Bradley Cooper, Zoe Saldana",2014,121,8.1,757074,333.13,76
Suicide Squad,Action,A secret government agency recruits some of the most dangerous incarcerated super-villains to form a defensive task force. Their first mission: save the world from the apocalypse.,David Ayer,"Will Smith, Jared Leto, Margot Robbie, Viola Davis",2016,123,6.2,393727,325.02,40
The Great Wall,Action,European mercenaries searching for black powder become embroiled in the defense of the Great Wall of China against a horde of monstrous creatures.,Yimou Zhang,"Matt Damon, Tian Jing, Willem Dafoe, Andy Lau",2016,103,6.1,56036,45.13,42
The Lost City of Z,Action,"A true-life drama, centering on British explorer Col. Percival Fawcett, who disappeared while searching for a mysterious city in the Amazon in the 1920s.",James Gray,"Charlie Hunnam, Robert Pattinson, Sienna Miller, Tom Holland",2016,141,7.1,7188,8.01,78
Rogue One,Action,"The Rebel Alliance makes a risky move to steal the plans for the Death Star, setting up the epic saga to follow.",Gareth Edwards,"Felicity Jones, Diego Luna, Alan Tudyk, Donnie Yen",2016,133,7.9,323118,532.17,65
Colossal,Action,"Gloria is an out-of-work party girl forced to leave her life in New York City, and move back home. When reports surface that a giant creature is destroying Seoul, she gradually comes to the realization that she is somehow connected to this phenomenon.",Nacho Vigalondo,"Anne Hathaway, Jason Sudeikis, Austin Stowell,Tim Blake Nelson",2016,109,6.4,8612,2.87,70
Jason Bourne,Action,The CIA's most dangerous former operative is drawn out of hiding to uncover more explosive truths about his past.,Paul Greengrass,"Matt Damon, Tommy Lee Jones, Alicia Vikander,Vincent Cassel",2016,123,6.7,150823,162.16,58
Independence Day: Resurgence,Action,"Two decades after the first Independence Day invasion, Earth is faced with a new extra-Solar threat. But will mankind's new space defenses be enough?",Roland Emmerich,"Liam Hemsworth, Jeff Goldblum, Bill Pullman,Maika Monroe",2016,120,5.3,127553,103.14,32
Assassin's Creed,Action,"When Callum Lynch explores the memories of his ancestor Aguilar and gains the skills of a Master Assassin, he discovers he is a descendant of the secret Assassins society.",Justin Kurzel,"Michael Fassbender, Marion Cotillard, Jeremy Irons,Brendan Gleeson",2016,115,5.9,112813,54.65,36
X-Men: Apocalypse,Action,"After the re-emergence of the world's first mutant, world-destroyer Apocalypse, the X-Men must unite to defeat his extinction level plan.",Bryan Singer,"James McAvoy, Michael Fassbender, Jennifer Lawrence, Nicholas Hoult",2016,144,7.1,275510,155.33,52
Deadpool,Action,A fast-talking mercenary with a morbid sense of humor is subjected to a rogue experiment that leaves him with accelerated healing powers and a quest for revenge.,Tim Miller,"Ryan Reynolds, Morena Baccarin, T.J. Miller, Ed Skrein",2016,108,8,627797,363.02,65
Resident Evil: The Final Chapter,Action,"Alice returns to where the nightmare began: The Hive in Raccoon City, where the Umbrella Corporation is gathering its forces for a final strike against the only remaining survivors of the apocalypse.",Paul W.S. Anderson,"Milla Jovovich, Iain Glen, Ali Larter, Shawn Roberts",2016,107,5.6,46165,26.84,49
Captain America: Civil War,Action,Political interference in the Avengers' activities causes a rift between former allies Captain America and Iron Man.,Anthony Russo,"Chris Evans, Robert Downey Jr.,Scarlett Johansson, Sebastian Stan",2016,147,7.9,411656,408.08,75
Doctor Strange,Action,"While on a journey of physical and spiritual healing, a brilliant neurosurgeon is drawn into the world of the mystic arts.",Scott Derrickson,"Benedict Cumberbatch, Chiwetel Ejiofor, Rachel McAdams, Benedict Wong",2016,115,7.6,293732,232.6,72
The Magnificent Seven,Action,Seven gunmen in the old west gradually come together to help a poor village against savage thieves.,Antoine Fuqua,"Denzel Washington, Chris Pratt, Ethan Hawke,Vincent D'Onofrio",2016,132,6.9,122853,93.38,54
Pirates of the Caribbean: On Stranger Tides,Action,"Jack Sparrow and Barbossa embark on a quest to find the elusive fountain of youth, only to discover that Blackbeard and his daughter are after it too.",Rob Marshall,"Johnny Depp, PenÃ_Ã«ÂŒÂ©lope Cruz, Ian McShane, Geoffrey Rush",2011,136,6.7,395025,241.06,45
Star Trek Beyond,Action,"The USS Enterprise crew explores the furthest reaches of uncharted space, where they encounter a new ruthless enemy who puts them and everything the Federation stands for to the test.",Justin Lin,"Chris Pine, Zachary Quinto, Karl Urban, Zoe Saldana",2016,122,7.1,164567,158.8,68
Star Wars: Episode VII - The Force Awakens,Action,"Three decades after the defeat of the Galactic Empire, a new threat arises. The First Order attempts to rule the galaxy and only a ragtag group of heroes can stop them, along with the help of the Resistance.",J.J. Abrams,"Daisy Ridley, John Boyega, Oscar Isaac, Domhnall Gleeson",2015,136,8.1,661608,936.63,81
Underworld: Blood Wars,Action,"Vampire death dealer, Selene (Kate Beckinsale) fights to end the eternal war between the Lycan clan and the Vampire faction that betrayed her.",Anna Foerster,"Kate Beckinsale, Theo James, Tobias Menzies, Lara Pulver",2016,91,5.8,41362,30.35,23
John Wick,Action,An ex-hitman comes out of retirement to track down the gangsters that took everything from him.,Chad Stahelski,"Keanu Reeves, Michael Nyqvist, Alfie Allen, Willem Dafoe",2014,101,7.2,321933,43,68
The Dark Knight,Action,"When the menace known as the Joker wreaks havoc and chaos on the people of Gotham, the Dark Knight must come to terms with one of the greatest psychological tests of his ability to fight injustice.",Christopher Nolan,"Christian Bale, Heath Ledger, Aaron Eckhart,Michael Caine",2008,152,9,1791916,533.32,82
Batman v Superman: Dawn of Justice,Action,"Fearing that the actions of Superman are left unchecked, Batman takes on the Man of Steel, while the world wrestles with what kind of a hero it really needs.",Zack Snyder,"Ben Affleck, Henry Cavill, Amy Adams, Jesse Eisenberg",2016,151,6.7,472307,330.25,44
Kingsman: The Secret Service,Action,"A spy organization recruits an unrefined, but promising street kid into the agency's ultra-competitive training program, just as a global threat emerges from a twisted tech genius.",Matthew Vaughn,"Colin Firth, Taron Egerton, Samuel L. Jackson,Michael Caine",2014,129,7.7,440209,128.25,58
Mad Max: Fury Road,Action,"A woman rebels against a tyrannical ruler in postapocalyptic Australia in search for her home-land with the help of a group of female prisoners, a psychotic worshipper, and a drifter named Max.",George Miller,"Tom Hardy, Charlize Theron, Nicholas Hoult, ZoÃ_Ã«Ã_Âˆ Kravitz",2015,120,8.1,632842,153.63,90
Deepwater Horizon,Action,"A dramatization of the April 2010 disaster, when the offshore drilling rig Deepwater Horizon exploded and created the worst oil spill in U.S. history.",Peter Berg,"Mark Wahlberg, Kurt Russell, Douglas M. Griffin, James DuMont",2016,107,7.2,89849,61.28,68
Allied,Action,"In 1942, a Canadian intelligence officer in North Africa encounters a female French Resistance fighter on a deadly mission behind enemy lines. When they reunite in London, their relationship is tested by the pressures of war.",Robert Zemeckis,"Brad Pitt, Marion Cotillard, Jared Harris, Vincent Ebrahim",2016,124,7.1,78079,40.07,60
Pirates of the Caribbean: At World's End,Action,"Captain Barbossa, Will Turner and Elizabeth Swann must sail off the edge of the map, navigate treachery and betrayal, find Jack Sparrow, and make their final alliances for one last decisive battle.",Gore Verbinski,"Johnny Depp, Orlando Bloom, Keira Knightley,Geoffrey Rush",2007,169,7.1,498821,309.4,50
The Avengers,Action,Earth's mightiest heroes must come together and learn to fight as a team if they are to stop the mischievous Loki and his alien army from enslaving humanity.,Joss Whedon,"Robert Downey Jr., Chris Evans, Scarlett Johansson,Jeremy Renner",2012,143,8.1,1045588,623.28,69
Pirates of the Caribbean: Dead Man's Chest,Action,"Jack Sparrow races to recover the heart of Davy Jones to avoid enslaving his soul to Jones' service, as other friends and foes seek the heart for their own agenda as well.",Gore Verbinski,"Johnny Depp, Orlando Bloom, Keira Knightley, Jack Davenport",2006,151,7.3,552027,423.03,53
Ghostbusters,Action,"Following a ghost invasion of Manhattan, paranormal enthusiasts Erin Gilbert and Abby Yates, nuclear engineer Jillian Holtzmann, and subway worker Patty Tolan band together to stop the otherworldly threat.",Paul Feig,"Melissa McCarthy, Kristen Wiig, Kate McKinnon, Leslie Jones",2016,116,5.3,147717,128.34,60
Inception,Action,"A thief, who steals corporate secrets through use of dream-sharing technology, is given the inverse task of planting an idea into the mind of a CEO.",Christopher Nolan,"Leonardo DiCaprio, Joseph Gordon-Levitt, Ellen Page, Ken Watanabe",2010,148,8.8,1583625,292.57,74
Furious Seven,Action,Deckard Shaw seeks revenge against Dominic Toretto and his family for his comatose brother.,James Wan,"Vin Diesel, Paul Walker, Dwayne Johnson, Jason Statham",2015,137,7.2,301249,350.03,67
Jurassic World,Action,"A new theme park, built on the original site of Jurassic Park, creates a genetically modified hybrid dinosaur, which escapes containment and goes on a killing spree.",Colin Trevorrow,"Chris Pratt, Bryce Dallas Howard, Ty Simpkins,Judy Greer",2015,124,7,455169,652.18,59
Avatar,Action,A paraplegic marine dispatched to the moon Pandora on a unique mission becomes torn between following his orders and protecting the world he feels is his home.,James Cameron,"Sam Worthington, Zoe Saldana, Sigourney Weaver, Michelle Rodriguez",2009,162,7.8,935408,760.51,83
The Accountant,Action,"As a math savant uncooks the books for a new client, the Treasury Department closes in on his activities and the body count starts to rise.",Gavin O'Connor,"Ben Affleck, Anna Kendrick, J.K. Simmons, Jon Bernthal",2016,128,7.4,162122,86.2,51
Warcraft,Action,"As an Orc horde invades the planet Azeroth using a magic portal, a few human heroes and dissenting Orcs must attempt to stop the true evil behind this war.",Duncan Jones,"Travis Fimmel, Paula Patton, Ben Foster, Dominic Cooper",2016,123,7,187547,47.17,32
Avengers: Age of Ultron,Action,"When Tony Stark and Bruce Banner try to jump-start a dormant peacekeeping program called Ultron, things go horribly wrong and it's up to Earth's mightiest heroes to stop the villainous Ultron from enacting his terrible plan.",Joss Whedon,"Robert Downey Jr., Chris Evans, Mark Ruffalo, Chris Hemsworth",2015,141,7.4,516895,458.99,66
The Nice Guys,Action,"In 1970s Los Angeles, a mismatched pair of private eyes investigate a missing girl and the mysterious death of a porn star.",Shane Black,"Russell Crowe, Ryan Gosling, Angourie Rice, Matt Bomer",2016,116,7.4,175067,36.25,70
Thor,Action,"The powerful but arrogant god Thor is cast out of Asgard to live amongst humans in Midgard (Earth), where he soon becomes one of their finest defenders.",Kenneth Branagh,"Chris Hemsworth, Anthony Hopkins, Natalie Portman, Tom Hiddleston",2011,115,7,570814,181.02,57
The Man from U.N.C.L.E.,Action,"In the early 1960s, CIA agent Napoleon Solo and KGB operative Illya Kuryakin participate in a joint mission against a mysterious criminal organization, which is working to proliferate nuclear weapons.",Guy Ritchie,"Henry Cavill, Armie Hammer, Alicia Vikander, Elizabeth Debicki",2015,116,7.3,202973,45.43,56
The Legend of Tarzan,Action,"Tarzan, having acclimated to life in London, is called back to his former home in the jungle to investigate the activities at a mining encampment.",David Yates,"Alexander SkarsgÃ_Ã«ÂŒÃ‡rd, Rory J. Saper, Christian Stevens, Christoph Waltz",2016,110,6.3,117590,126.59,44
The Belko Experiment,Action,"In a twisted social experiment, 80 Americans are locked in their high-rise corporate office in BogotÃ_Ã«Ã_ÂÅ, Colombia and ordered by an unknown voice coming from the company's intercom system to participate in a deadly game of kill or be killed.",Greg McLean,"John Gallagher Jr., Tony Goldwyn, Adria Arjona, John C. McGinley",2016,89,6.3,3712,10.16,44
300,Action,King Leonidas of Sparta and a force of 300 men fight the Persians at Thermopylae in 480 B.C.,Zack Snyder,"Gerard Butler, Lena Headey, David Wenham, Dominic West",2006,117,7.7,637104,210.59,52
The Dark Knight Rises,Action,"Eight years after the Joker's reign of anarchy, the Dark Knight, with the help of the enigmatic Selina, is forced from his imposed exile to save Gotham City, now on the edge of total annihilation, from the brutal guerrilla terrorist Bane.",Christopher Nolan,"Christian Bale, Tom Hardy, Anne Hathaway,Gary Oldman",2012,164,8.5,1222645,448.13,78
Transformers: Age of Extinction,Action,"Autobots must escape sight from a bounty hunter who has taken control of the human serendipity: Unexpectedly, Optimus Prime and his remaining gang turn to a mechanic, his daughter, and her back street racing boyfriend for help.",Michael Bay,"Mark Wahlberg, Nicola Peltz, Jack Reynor, Stanley Tucci",2014,165,5.7,255483,245.43,32
Furious 6,Action,"Hobbs has Dominic and Brian reassemble their crew to take down a team of mercenaries: Dominic unexpectedly gets convoluted also facing his presumed deceased girlfriend, Letty.",Justin Lin,"Vin Diesel, Paul Walker, Dwayne Johnson, Michelle Rodriguez",2013,130,7.1,318051,238.67,61
Star Trek,Action,The brash James T. Kirk tries to live up to his father's legacy with Mr. Spock keeping him in check as a vengeful Romulan from the future creates black holes to destroy the Federation one planet at a time.,J.J. Abrams,"Chris Pine, Zachary Quinto, Simon Pegg, Leonard Nimoy",2009,127,8,526324,257.7,82
Watchmen,Action,"In 1985 where former superheroes exist, the murder of a colleague sends active vigilante Rorschach into his own sprawling investigation, uncovering something that could completely change the course of history as we know it.",Zack Snyder,"Jackie Earle Haley, Patrick Wilson, Carla Gugino,Malin Akerman",2009,162,7.6,410249,107.5,56
Inferno,Action,"When Robert Langdon wakes up in an Italian hospital with amnesia, he teams up with Dr. Sienna Brooks, and together they must race across Europe against the clock to foil a deadly global plot.",Ron Howard,"Tom Hanks, Felicity Jones, Irrfan Khan, Ben Foster",2016,121,6.2,97623,34.26,42
Sicario,Action,An idealistic FBI agent is enlisted by a government task force to aid in the escalating war against drugs at the border area between the U.S. and Mexico.,Denis Villeneuve,"Emily Blunt, Josh Brolin, Benicio Del Toro, Jon Bernthal",2015,121,7.6,243230,46.88,82
Aliens vs Predator - Requiem,Action,"Warring alien and predator races descend on a rural US town, where unsuspecting residents must band together for any chance of survival.",Colin Strause,"Reiko Aylesworth, Steven Pasquale,Shareeka Epps, John Ortiz",2007,94,4.7,97618,41.8,29
Pacific Rim,Action,"As a war between humankind and monstrous sea creatures wages on, a former pilot and a trainee are paired up to drive a seemingly obsolete special weapon in a desperate effort to save the world from the apocalypse.",Guillermo del Toro,"Idris Elba, Charlie Hunnam, Rinko Kikuchi,Charlie Day",2013,131,7,400519,101.79,64
Scott Pilgrim vs. the World,Action,Scott Pilgrim must defeat his new girlfriend's seven evil exes in order to win her heart.,Edgar Wright,"Michael Cera, Mary Elizabeth Winstead, Kieran Culkin, Alison Pill",2010,112,7.5,291457,31.49,69
Hot Fuzz,Action,"Exceptional London cop Nicholas Angel is involuntarily transferred to a quaint English village and paired with a witless new partner. While on the beat, Nicholas suspects a sinister conspiracy is afoot with the residents.",Edgar Wright,"Simon Pegg, Nick Frost, Martin Freeman, Bill Nighy",2007,121,7.9,373244,23.62,81
Free Fire,Action,"Set in Boston in 1978, a meeting in a deserted warehouse between two gangs turns into a shootout and a game of survival.",Ben Wheatley,"Sharlto Copley, Brie Larson, Armie Hammer, Cillian Murphy",2016,90,7,6946,1.8,63
X-Men: Days of Future Past,Action,The X-Men send Wolverine to the past in a desperate effort to change history and prevent an event that results in doom for both humans and mutants.,Bryan Singer,"Patrick Stewart, Ian McKellen, Hugh Jackman, James McAvoy",2014,132,8,552298,233.91,74
Jack Reacher: Never Go Back,Action,"Jack Reacher must uncover the truth behind a major government conspiracy in order to clear his name. On the run as a fugitive from the law, Reacher uncovers a potential secret from his past that could change his life forever.",Edward Zwick,"Tom Cruise, Cobie Smulders, Aldis Hodge, Robert Knepper",2016,118,6.1,78043,58.4,47
Casino Royale,Action,"Armed with a licence to kill, Secret Agent James Bond sets out on his first mission as 007 and must defeat a weapons dealer in a high stakes game of poker at Casino Royale, but things are not what they seem.",Martin Campbell,"Daniel Craig, Eva Green, Judi Dench, Jeffrey Wright",2006,144,8,495106,167.01,80
Now You See Me 2,Action,The Four Horsemen resurface and are forcibly recruited by a tech genius to pull off their most impossible heist yet.,Jon M. Chu,"Jesse Eisenberg, Mark Ruffalo, Woody Harrelson, Dave Franco",2016,129,6.5,156567,65.03,46
13 Hours,Action,"During an attack on a U.S. compound in Libya, a security team struggles to make sense out of the chaos.",Michael Bay,"John Krasinski, Pablo Schreiber, James Badge Dale,David Denman",2016,144,7.3,76935,52.82,48
Spectre,Action,"A cryptic message from Bond's past sends him on a trail to uncover a sinister organization. While M battles political forces to keep the secret service alive, Bond peels back the layers of deceit to reveal the terrible truth behind SPECTRE.",Sam Mendes,"Daniel Craig, Christoph Waltz, LÃ_Ã«ÂŒÂ©a Seydoux, Ralph Fiennes",2015,148,6.8,308981,200.07,60
Tomorrowland,Action,"Bound by a shared destiny, a teen bursting with scientific curiosity and a former boy-genius inventor embark on a mission to unearth the secrets of a place somewhere in time and space that exists in their collective memory.",Brad Bird,"George Clooney, Britt Robertson, Hugh Laurie, Raffey Cassidy",2015,130,6.5,143069,93.42,60
Dawn of the Planet of the Apes,Action,A growing nation of genetically evolved apes led by Caesar is threatened by a band of human survivors of the devastating virus unleashed a decade earlier.,Matt Reeves,"Gary Oldman, Keri Russell, Andy Serkis, Kodi Smit-McPhee",2014,130,7.6,337777,208.54,79
Tropic Thunder,Action,"Through a series of freak occurrences, a group of actors shooting a big-budget war movie are forced to become the soldiers they are portraying.",Ben Stiller,"Ben Stiller, Jack Black, Robert Downey Jr., Jeff Kahn",2008,107,7,321442,110.42,71
Ant-Man,Action,"Armed with a super-suit with the astonishing ability to shrink in scale but increase in strength, cat burglar Scott Lang must embrace his inner hero and help his mentor, Dr. Hank Pym, plan and pull off a heist that will save the world.",Peyton Reed,"Paul Rudd, Michael Douglas, Corey Stoll, Evangeline Lilly",2015,117,7.3,368912,180.19,64
Warrior,Action,"The youngest son of an alcoholic former boxer returns home, where he's trained by his father for competition in a mixed martial arts tournament - a path that puts the fighter on a collision course with his estranged, older brother.",Gavin O'Connor,"Tom Hardy, Nick Nolte, Joel Edgerton, Jennifer Morrison",2011,140,8.2,355722,13.65,71
Captain America: The First Avenger,Action,"Steve Rogers, a rejected military soldier transforms into Captain America after taking a dose of a ""Super-Soldier serum"". But being Captain America comes at a price as he attempts to take down a war monger and a terrorist organization.",Joe Johnston,"Chris Evans, Hugo Weaving, Samuel L. Jackson,Hayley Atwell",2011,124,6.9,547368,176.64,66
Central Intelligence,Action,"After he reconnects with an awkward pal from high school through Facebook, a mild-mannered accountant is lured into the world of international espionage.",Rawson Marshall Thurber,"Dwayne Johnson, Kevin Hart, Danielle Nicolet, Amy Ryan",2016,107,6.3,97082,127.38,52
Edge of Tomorrow,Action,"A soldier fighting aliens gets to relive the same day over and over again, the day restarting every time he dies.",Doug Liman,"Tom Cruise, Emily Blunt, Bill Paxton, Brendan Gleeson",2014,113,7.9,471815,100.19,71
Iron Man,Action,"After being held captive in an Afghan cave, billionaire engineer Tony Stark creates a unique weaponized suit of armor to fight evil.",Jon Favreau,"Robert Downey Jr., Gwyneth Paltrow, Terrence Howard, Jeff Bridges",2008,126,7.9,737719,318.3,79
Allegiant,Action,"After the earth-shattering revelations of Insurgent, Tris must escape with Four beyond the wall that encircles Chicago, to finally discover the shocking truth of the world around them.",Robert Schwentke,"Shailene Woodley, Theo James, Jeff Daniels,Naomi Watts",2016,120,5.7,70504,66,33
X: First Class,Action,"In 1962, the United States government enlists the help of Mutants with superhuman abilities to stop a malicious dictator who is determined to start World War III.",Matthew Vaughn,"James McAvoy, Michael Fassbender, Jennifer Lawrence, Kevin Bacon",2011,132,7.8,550011,146.41,65
San Andreas,Action,"In the aftermath of a massive earthquake in California, a rescue-chopper pilot makes a dangerous journey with his ex-wife across the state in order to rescue his daughter.",Brad Peyton,"Dwayne Johnson, Carla Gugino, Alexandra Daddario,Colton Haynes",2015,114,6.1,161396,155.18,43
Transformers,Action,"An ancient struggle between two Cybertronian races, the heroic Autobots and the evil Decepticons, comes to Earth, with a clue to the ultimate power held by a teenager.",Michael Bay,"Shia LaBeouf, Megan Fox, Josh Duhamel, Tyrese Gibson",2007,144,7.1,531112,318.76,61
Thor: The Dark World,Action,"When Dr. Jane Foster gets cursed with a powerful entity known as the Aether, Thor is heralded of the cosmic event known as the Convergence and the genocidal Dark Elves.",Alan Taylor,"Chris Hemsworth, Natalie Portman, Tom Hiddleston,Stellan SkarsgÃ_Ã«ÂŒÃ‡rd",2013,112,7,443584,206.36,54
Gods of Egypt,Action,"Mortal hero Bek teams with the god Horus in an alliance against Set, the merciless god of darkness, who has usurped Egypt's throne, plunging the once peaceful and prosperous empire into chaos and conflict.",Alex Proyas,"Brenton Thwaites, Nikolaj Coster-Waldau, Gerard Butler, Chadwick Boseman",2016,126,5.5,73568,31.14,25
Captain America: The Winter Soldier,Action,"As Steve Rogers struggles to embrace his role in the modern world, he teams up with a fellow Avenger and S.H.I.E.L.D agent, Black Widow, to battle a new threat from history: an assassin known as the Winter Soldier.",Anthony Russo,"Chris Evans, Samuel L. Jackson,Scarlett Johansson, Robert Redford",2014,136,7.8,542362,259.75,70
Monster Trucks,Action,A young man working at a small town junkyard discovers and befriends a creature which feeds on oil being sought by a fracking company.,Chris Wedge,"Lucas Till, Jane Levy, Thomas Lennon, Barry Pepper",2016,104,5.7,7044,33.04,41
Kick-Ass,Action,"Dave Lizewski is an unnoticed high school student and comic book fan who one day decides to become a superhero, even though he has no powers, training or meaningful reason to do so.",Matthew Vaughn,"Aaron Taylor-Johnson, Nicolas Cage, ChloÃ_Ã«Ã_Âˆ Grace Moretz, Garrett M. Brown",2010,117,7.7,456749,48.04,66
Hardcore Henry,Action,"Henry is resurrected from death with no memory, and he must save his wife from a telekinetic warlord with a plan to bio-engineer soldiers.",Ilya Naishuller,"Sharlto Copley, Tim Roth, Haley Bennett, Danila Kozlovsky",2015,96,6.7,61098,9.24,51
Predators,Action,A group of elite warriors parachute into an unfamiliar jungle and are hunted by members of a merciless alien race.,NimrÃ_Ã«_d Antal,"Adrien Brody, Laurence Fishburne, Topher Grace,Alice Braga",2010,107,6.4,179450,52,51
Maleficent,Action,"A vengeful fairy is driven to curse an infant princess, only to discover that the child may be the one person who can restore peace to their troubled land.",Robert Stromberg,"Angelina Jolie, Elle Fanning, Sharlto Copley,Lesley Manville",2014,97,7,268877,241.41,56
Apocalypto,Action,"As the Mayan kingdom faces its decline, the rulers insist the key to prosperity is to build more temples and offer human sacrifices. Jaguar Paw, a young man captured for sacrifice, flees to avoid his fate.",Mel Gibson,"Gerardo Taracena, Raoul Max Trujillo, Dalia HernÃ_Ã«Ã_ÂÅndez,Rudy Youngblood",2006,139,7.8,247926,50.86,68
Mission: Impossible - Rogue Nation,Action,"Ethan and team take on their most impossible mission yet, eradicating the Syndicate - an International rogue organization as highly skilled as they are, committed to destroying the IMF.",Christopher McQuarrie,"Tom Cruise, Rebecca Ferguson, Jeremy Renner, Simon Pegg",2015,131,7.4,257472,195,75
The Huntsman: Winter's War,Action,"Eric and fellow warrior Sara, raised as members of ice Queen Freya's army, try to conceal their forbidden love as they fight to survive the wicked intentions of both Freya and her sister Ravenna.",Cedric Nicolas-Troyan,"Chris Hemsworth, Jessica Chastain, Charlize Theron, Emily Blunt",2016,114,6.1,66766,47.95,35
The Host,Action,"When an unseen enemy threatens mankind by taking over their bodies and erasing their memories, Melanie will risk everything to protect the people she cares most about, proving that love can conquer all in a dangerous new world.",Andrew Niccol,"Saoirse Ronan, Max Irons, Jake Abel, Diane Kruger",2013,125,5.9,96852,26.62,35
Fury,Action,"A grizzled tank commander makes tough decisions as he and his crew fight their way across Germany in April, 1945.",David Ayer,"Brad Pitt, Shia LaBeouf, Logan Lerman, Michael PeÃ_Ã«ÂŒÂ±a",2014,134,7.6,332234,85.71,64
Terminator Genisys,Action,"When John Connor, leader of the human resistance, sends Sgt. Kyle Reese back to 1984 to protect Sarah Connor and safeguard the future, an unexpected turn of events creates a fractured timeline.",Alan Taylor,"Arnold Schwarzenegger, Jason Clarke, Emilia Clarke,Jai Courtney",2015,126,6.5,205365,89.73,38
Spy,Action,"A desk-bound CIA analyst volunteers to go undercover to infiltrate the world of a deadly arms dealer, and prevent diabolical global disaster.",Paul Feig,"Melissa McCarthy, Rose Byrne, Jude Law, Jason Statham",2015,119,7.1,188017,110.82,75
The Amazing Spider-Man 2,Action,"When New York is put under siege by Oscorp, it is up to Spider-Man to save the city he swore to protect as well as his loved ones.",Marc Webb,"Andrew Garfield, Emma Stone, Jamie Foxx, Paul Giamatti",2014,142,6.7,342183,202.85,53
Battleship,Action,A fleet of ships is forced to do battle with an armada of unknown origins in order to discover and thwart their destructive goals.,Peter Berg,"Alexander SkarsgÃ_Ã«ÂŒÃ‡rd, Brooklyn Decker, Liam Neeson,Rihanna",2012,131,5.8,210349,65.17,41
Rise of the Planet of the Apes,Action,"A substance, designed to help the brain repair itself, gives rise to a super-intelligent chimp who leads an ape uprising.",Rupert Wyatt,"James Franco, Andy Serkis, Freida Pinto, Karin Konoval",2011,105,7.6,422290,176.74,68
Teenage Mutant Ninja Turtles: Out of the Shadows,Action,"After facing Shredder, who has joined forces with mad scientist Baxter Stockman and henchmen Bebop and Rocksteady to take over the world, the Turtles must confront an even greater nemesis: the notorious Krang.",Dave Green,"Megan Fox, Will Arnett, Tyler Perry, Laura Linney",2016,112,6,59312,0.54,40
X-Men Origins: Wolverine,Action,"A look at Wolverine's early life, in particular his time with the government squad Team X and the impact it will have on his later years.",Gavin Hood,"Hugh Jackman, Liev Schreiber, Ryan Reynolds, Danny Huston",2009,107,6.7,388447,179.88,40
Skyfall,Action,"Bond's loyalty to M is tested when her past comes back to haunt her. Whilst MI6 comes under attack, 007 must track down and destroy the threat, no matter how personal the cost.",Sam Mendes,"Daniel Craig, Javier Bardem, Naomie Harris, Judi Dench",2012,143,7.8,547386,304.36,81
21 Jump Street,Action,A pair of underachieving cops are sent back to a local high school to blend in and bring down a synthetic drug ring.,Phil Lord,"Jonah Hill, Channing Tatum, Ice Cube,Brie Larson",2012,110,7.2,432046,138.45,69
Oblivion,Action,A veteran assigned to extract Earth's remaining resources begins to question what he knows about his mission and himself.,Joseph Kosinski,"Tom Cruise, Morgan Freeman, Andrea Riseborough, Olga Kurylenko",2013,124,7,410125,89.02,54
22 Jump Street,Action,"After making their way through high school (twice), big changes are in store for officers Schmidt and Jenko when they go deep undercover at a local college.",Phil Lord,"Channing Tatum, Jonah Hill, Ice Cube,Nick Offerman",2014,112,7.1,280110,191.62,71
Iron Man Three,Action,"When Tony Stark's world is torn apart by a formidable terrorist called the Mandarin, he starts an odyssey of rebuilding and retribution.",Shane Black,"Robert Downey Jr., Guy Pearce, Gwyneth Paltrow,Don Cheadle",2013,130,7.2,591023,408.99,62
Sherlock Holmes,Action,Detective Sherlock Holmes and his stalwart partner Watson engage in a battle of wits and brawn with a nemesis whose plot is a threat to all of England.,Guy Ritchie,"Robert Downey Jr., Jude Law, Rachel McAdams, Mark Strong",2009,128,7.6,501769,209.02,57
Hercules,Action,"Having endured his legendary twelve labors, Hercules, the Greek demigod, has his life as a sword-for-hire tested when the King of Thrace and his daughter seek his aid in defeating a tyrannical warlord.",Brett Ratner,"Dwayne Johnson, John Hurt, Ian McShane, Joseph Fiennes",2014,98,6,122838,72.66,47
Sucker Punch,Action,"A young girl is institutionalized by her abusive stepfather, retreating to an alternative reality as a coping strategy, envisioning a plan to help her escape.",Zack Snyder,"Emily Browning, Vanessa Hudgens, Abbie Cornish,Jena Malone",2011,110,6.1,204874,36.38,33
Keeping Up with the Joneses,Action,A suburban couple becomes embroiled in an international espionage plot when they discover that their seemingly perfect new neighbors are government spies.,Greg Mottola,"Zach Galifianakis, Isla Fisher, Jon Hamm, Gal Gadot",2016,105,5.8,30405,14.9,34
Jupiter Ascending,Action,A young woman discovers her destiny as an heiress of intergalactic nobility and must fight to protect the inhabitants of Earth from an ancient and destructive industry.,Lana Wachowski,"Channing Tatum, Mila Kunis,Eddie Redmayne, Sean Bean",2015,127,5.3,150121,47.38,40
Masterminds,Action,A guard at an armored car company in the Southern U.S. organizes one of the biggest bank heists in American history. Based on the October 1997 Loomis Fargo robbery.,Jared Hess,"Zach Galifianakis, Kristen Wiig, Owen Wilson, Ross Kimball",2016,95,5.8,26508,17.36,47
Busanhaeng,Action,"While a zombie virus breaks out in South Korea, passengers struggle to survive on the train from Seoul to Busan.",Sang-ho Yeon,"Yoo Gong, Soo-an Kim, Yu-mi Jung, Dong-seok Ma",2016,118,7.5,58782,2.13,72
Man of Steel,Action,"Clark Kent, one of the last of an extinguished race disguised as an unremarkable human, is forced to reveal his identity when Earth is invaded by an army of survivors who threaten to bring the planet to the brink of destruction.",Zack Snyder,"Henry Cavill, Amy Adams, Michael Shannon, Diane Lane",2013,143,7.1,577010,291.02,55
The Equalizer,Action,"A man believes he has put his mysterious past behind him and has dedicated himself to beginning a new, quiet life. But when he meets a young girl under the control of ultra-violent Russian gangsters, he can't stand idly by - he has to help her.",Antoine Fuqua,"Denzel Washington, Marton Csokas, ChloÃ_Ã«Ã_Âˆ Grace Moretz, David Harbour",2014,132,7.2,249425,101.53,57
Lone Survivor,Action,"Marcus Luttrell and his team set out on a mission to capture or kill notorious Taliban leader Ahmad Shah, in late June 2005. Marcus and his team are left to fight for their lives in one of the most valiant efforts of modern warfare.",Peter Berg,"Mark Wahlberg, Taylor Kitsch, Emile Hirsch, Ben Foster",2013,121,7.5,218996,125.07,60
The Fast and the Furious: Tokyo Drift,Action,A teenager becomes a major competitor in the world of drift racing after moving in with his father in Tokyo to avoid a jail sentence in America.,Justin Lin,"Lucas Black, Zachery Ty Bryan, Shad Moss, Damien Marzette",2006,104,6,193479,62.49,45
Snowpiercer,Action,"Set in a future where a failed climate-change experiment kills all life on the planet except for a lucky few who boarded the Snowpiercer, a train that travels around the globe, where a class system emerges.",Bong Joon Ho,"Chris Evans, Jamie Bell, Tilda Swinton, Ed Harris",2013,126,7,199048,4.56,84
The 5th Wave,Action,"Four waves of increasingly deadly alien attacks have left most of Earth decimated. Cassie is on the run, desperately trying to save her younger brother.",J Blakeson,"ChloÃ_Ã«Ã_Âˆ Grace Moretz, Matthew Zuk, Gabriela Lopez,Bailey Anne Borders",2016,112,5.2,73093,34.91,33
Fast Five,Action,Dominic Toretto and his crew of street racers plan a massive heist to buy their freedom while in the sights of a powerful Brazilian drug lord and a dangerous federal agent.,Justin Lin,"Vin Diesel, Paul Walker, Dwayne Johnson, Jordana Brewster",2011,131,7.3,300803,209.81,66